{"assets/data/Diagnosticos_Completos.json":["assets/data/Diagnosticos_Completos.json"],"assets/data/sinais_sintomas_tce.json":["assets/data/sinais_sintomas_tce.json"],"assets/images/logo.png":["assets/images/logo.png"],"assets/images/motora_ajuda.png":["assets/images/motora_ajuda.png"],"assets/images/ocular_ajuda.png":["assets/images/ocular_ajuda.png"],"assets/images/retirada.png":["assets/images/retirada.png"],"assets/images/verbal_ajuda.png":["assets/images/verbal_ajuda.png"],"packages/cupertino_icons/assets/CupertinoIcons.ttf":["packages/cupertino_icons/assets/CupertinoIcons.ttf"]}